kind,keyword,word1,word2
keyword,worst,,
keyword,horrible,,
keyword,amazing,,
keyword,great,,
keyword,delicious,,
keyword,bad,,
keyword,rude,,
keyword,best,,
keyword,love,,
keyword,order,,
keyword,friendly,,
keyword,terrible,,
keyword,reviews,,
keyword,never,,
keyword,highly,,
keyword,ordered,,
keyword,ok,,
keyword,money,,
keyword,sickening,,
keyword,said,,
keyword,spot,,
keyword,charge,,
keyword,robbed,,
keyword,asked,,
keyword,fast,,
keyword,minutes,,
keyword,favorite,,
keyword,nice,,
keyword,gem,,
keyword,told,,
keyword,perfect,,
keyword,stolen,,
keyword,fresh,,
keyword,recommend,,
keyword,overpriced,,
keyword,phone,,
keyword,really,,
keyword,delivery,,
keyword,waste,,
keyword,super,,
keyword,staff,,
keyword,poor,,
keyword,manager,,
keyword,restaurant,,
keyword,definitely,,
keyword,called,,
keyword,dinero,,
keyword,excellent,,
keyword,garbage,,
keyword,try,,
keyword,okay,,
keyword,disgusting,,
keyword,welcoming,,
keyword,shame,,
keyword,expensive,,
keyword,also,,
keyword,waited,,
keyword,customer,,
pair,,rude,order
pair,,great,love
pair,,worst,order
pair,,worst,rude
pair,,great,amazing
pair,,amazing,best
pair,,great,good
pair,,worst,bad
pair,,worst,horrible
pair,,horrible,bad
pair,,bad,order
pair,,great,best
pair,,bad,never
pair,,amazing,highly
pair,,reviews,never
pair,,amazing,perfect
pair,,amazing,definitely
pair,,amazing,love
pair,,worst,terrible
pair,,horrible,rude
pair,,great,nice
pair,,horrible,order
pair,,bad,rude
pair,,reviews,store
pair,,worst,good
pair,,horrible,terrible
pair,,worst,reviews
pair,,bad,ok
pair,,great,always
pair,,order,ok
pair,,rude,ordered
pair,,bad,good
pair,,worst,never
pair,,good,差评
pair,,waste,got
pair,,best,highly
pair,,best,love
pair,,good,negative
pair,,good,always
pair,,best,good
pair,,rude,like
pair,,money,told
pair,,bad,like
pair,,great,place
pair,,bad,terrible
pair,,love,highly
pair,,love,excellent
pair,,amazing,always
pair,,worst,ordered
pair,,amazing,super
pair,,horrible,good
pair,,great,service
pair,,love,definitely
pair,,love,perfect
pair,,amazing,gem
pair,,terrible,money
pair,,rude,good
pair,,great,definitely
pair,,great,really
pair,,love,nice
pair,,worst,money
pair,,good,love
pair,,best,definitely
pair,,amazing,favorite
pair,,literally,gave
pair,,best,place
pair,,order,good
pair,,even,decent
pair,,great,favorite
pair,,ok,good
pair,,gem,highly
pair,,nice,like
pair,,best,favorite
pair,,nice,always
pair,,good,service
pair,,reviews,told
pair,,good,place
pair,,worst,like
pair,,horrible,money
pair,,best,super
pair,,good,like
pair,,good,nice
pair,,got,okay
pair,,bad,asked
pair,,highly,super
pair,,best,excellent
pair,,horrible,never
pair,,good,food
pair,,never,money
pair,,favorite,perfect
pair,,ok,like
pair,,worst,overpriced
pair,,best,always
pair,,horrible,even
pair,,love,place
pair,,favorite,definitely
pair,,great,highly
pair,,good,definitely
pair,,best,nice
pair,,love,really
pair,,bad,money
pair,,order,food
pair,,attitude,workers
pair,,worst,disgusting
pair,,even,time
pair,,great,super
pair,,order,never
pair,,rude,terrible
pair,,love,super
pair,,best,perfect
pair,,workers,like
pair,,best,gem
pair,,best,service
pair,,bad,workers
pair,,never,store
pair,,called,store
pair,,called,even
pair,,love,favorite
pair,,love,always
pair,,highly,favorite
pair,,great,excellent
pair,,ok,ordered
pair,,reviews,overpriced
pair,,best,really
pair,,like,dirty
pair,,great,food
pair,,good,ordered
pair,,terrible,even
pair,,bad,ordered
pair,,good,never
pair,,good,time
pair,,never,food
pair,,rude,even
pair,,highly,perfect
pair,,favorite,excellent
pair,,worst,even
pair,,always,service
pair,,bad,food
pair,,rude,money
pair,,terrible,ordered
pair,,terrible,reviews
pair,,highly,spot
pair,,great,spot
pair,,amazing,spot
pair,,asked,like
pair,,gem,super
pair,,bad,disgusting
pair,,bad,reviews
pair,,attitude,like
pair,,terrible,waste
pair,,food,like
pair,,waste,even
pair,,reviews,avoid
pair,,rude,never
pair,,amazing,excellent
pair,,always,clean
pair,,amazing,good
pair,,pésimo,mal
pair,,worst,store
pair,,good,even
pair,,order,even
pair,,ok,never
pair,,good,asked
pair,,horrible,said
pair,,money,asked
pair,,love,clean
pair,,great,fresh
pair,,great,like
pair,,excellent,nice
pair,,amazing,place
pair,,reviews,said
pair,,terrible,like
pair,,place,service
pair,,worst,food
pair,,definitely,super
pair,,terrible,never
pair,,place,food
pair,,money,said
pair,,excellent,service
pair,,always,perfect
pair,,definitely,always
pair,,food,service
pair,,nice,fresh
pair,,worst,phone
pair,,order,like
pair,,worst,expensive
pair,,avoid,expensive
pair,,order,ordered
pair,,even,ordered
pair,,love,service
pair,,great,order
pair,,reviews,expensive
pair,,excellent,always
pair,,never,like
pair,,bad,said
pair,,rude,food
pair,,like,time
pair,,love,time
pair,,best,like
pair,,ordered,food
pair,,great,perfect
pair,,horrible,like
pair,,rude,ok
pair,,always,really
pair,,great,bad
pair,,asked,ordered
pair,,best,fresh
pair,,best,spot
pair,,store,got
pair,,favorite,clean
pair,,order,nice
pair,,place,nice
pair,,best,time
pair,,food,time
pair,,super,spot
pair,,favorite,always
pair,,excellent,super
pair,,nice,food
pair,,reviews,30
pair,,horrible,ordered
pair,,nice,time
pair,,favorite,really
pair,,overpriced,avoid
pair,,place,got
pair,,decent,expensive
pair,,disgusting,food
pair,,got,phone
pair,,bad,even
pair,,terrible,called
pair,,terrible,told
pair,,terrible,good
pair,,place,like
pair,,terrible,poor
pair,,amazing,really
pair,,terrible,disgusting
pair,,horrible,disgusting
pair,,nice,definitely
pair,,terrible,phone
pair,,ok,money
pair,,like,service
pair,,horrible,got
pair,,great,clean
pair,,worst,asked
pair,,horrible,service
pair,,money,airport
pair,,place,always
pair,,worst,got
pair,,money,food
pair,,amazing,service
pair,,ordered,expensive
pair,,good,clean
pair,,amazing,nice
pair,,never,ordered
pair,,good,really
pair,,overpriced,poor
pair,,ok,food
pair,,terrible,said
pair,,rude,waste
pair,,love,gem
pair,,always,like
pair,,great,got
pair,,never,phone
pair,,rude,disgusting
pair,,order,said
pair,,always,super
pair,,rude,service
pair,,great,time
pair,,love,like
pair,,worst,said
pair,,horrible,waste
pair,,favorite,super
pair,,favorite,nice
pair,,love,spot
pair,,definitely,spot
pair,,ordered,like
pair,,good,mal
pair,,order,service
pair,,amazing,fresh
pair,,order,told
pair,,really,like
pair,,place,time
pair,,waste,time
pair,,excellent,really
pair,,bad,service
pair,,definitely,fresh
pair,,nice,service
pair,,terrible,expensive
pair,,nice,clean
pair,,place,really
pair,,order,money
pair,,good,fresh
pair,,terrible,decent
pair,,money,like
pair,,nice,really
pair,,food,really
pair,,highly,excellent
pair,,got,time
pair,,service,time
pair,,highly,definitely
pair,,terrible,store
pair,,love,food
pair,,place,definitely
pair,,ordered,day
pair,,food,fresh
pair,,horrible,reviews
pair,,order,terrible
pair,,love,fresh
pair,,never,time
pair,,store,delivery
pair,,even,like
pair,,even,30
pair,,worst,ok
pair,,really,service
pair,,always,food
pair,,order,love
pair,,got,food
pair,,bad,time
pair,,horrible,food
pair,,highly,nice
pair,,never,even
pair,,highly,always
pair,,even,food
pair,,amazing,like
pair,,worst,waste
pair,,favorite,even
pair,,best,food
pair,,bad,attitude
pair,,even,always
pair,,nice,super
pair,,excellent,food
pair,,reviews,phone
pair,,amazing,clean
pair,,always,fresh
pair,,money,store
pair,,always,time
pair,,nice,got
pair,,bad,place
pair,,bad,poor
pair,,love,got
pair,,money,ordered
pair,,order,time
pair,,money,expensive
pair,,ok,expensive
pair,,order,asked
pair,,ok,even
pair,,rude,gave
pair,,terrible,okay
pair,,excellent,definitely
pair,,told,food
pair,,order,place
pair,,definitely,really
pair,,horrible,asked
pair,,perfect,fresh
pair,,order,expensive
pair,,rude,got
pair,,place,perfect
pair,,super,really
pair,,gem,favorite
pair,,place,excellent
pair,,spot,clean
pair,,called,decent
pair,,definitely,time
pair,,really,clean
pair,,favorite,service
pair,,decent,like
pair,,rude,asked
pair,,ordered,said
pair,,terrible,ok
pair,,asked,even
pair,,even,expensive
pair,,always,spot
pair,,super,clean
pair,,great,ordered
pair,,nice,spot
pair,,perfect,super
pair,,best,order
pair,,worst,place
pair,,even,got
pair,,good,money
pair,,favorite,spot
pair,,terrible,asked
pair,,bad,okay
pair,,rude,said
pair,,bad,overpriced
pair,,really,time
pair,,love,even
pair,,rude,store
pair,,place,super
pair,,horrible,told
pair,,horrible,ok
pair,,horrible,delivery
pair,,never,attitude
pair,,food,clean
pair,,never,nice
pair,,ordered,poor
pair,,definitely,perfect
pair,,worst,30
pair,,like,fresh
pair,,never,service
pair,,worst,told
pair,,great,never
pair,,definitely,service
pair,,never,got
pair,,disgusting,waste
pair,,reviews,ordered
pair,,even,open
pair,,asked,30
pair,,bad,got
pair,,told,ordered
pair,,terrible,food
pair,,ordered,decent
pair,,money,called
pair,,asked,expensive
pair,,never,negative
pair,,excellent,spot
pair,,money,got
pair,,amazing,got
pair,,bad,expensive
pair,,good,said
pair,,reviews,even
pair,,overpriced,expensive
pair,,bad,avoid
pair,,ordered,time
pair,,store,ordered
pair,,waste,place
pair,,rude,reviews
pair,,ok,decent
pair,,rude,expensive
pair,,amazing,time
pair,,order,always
pair,,decent,minutes
pair,,bad,love
pair,,store,place
pair,,even,place
pair,,good,got
pair,,spot,fresh
pair,,got,really
pair,,never,waste
pair,,never,told
pair,,got,always
pair,,amazing,expensive
pair,,store,food
pair,,super,fresh
pair,,fresh,service
pair,,never,asked
pair,,worst,decent
pair,,spot,time
pair,,even,service
pair,,rude,phone
pair,,excellent,clean
pair,,ordered,place
pair,,excellent,fresh
pair,,order,clean
pair,,definitely,clean
pair,,place,spot
pair,,good,super
pair,,disgusting,negative
pair,,order,really
pair,,asked,food
pair,,ordered,service
pair,,gem,definitely
pair,,asked,got
pair,,perfect,spot
pair,,reviews,waste
pair,,highly,place
pair,,money,even
pair,,avoid,really
pair,,food,expensive
pair,,order,fresh
pair,,money,overpriced
pair,,highly,really
pair,,disgusting,said
pair,,love,ordered
pair,,best,got
pair,,like,gave
pair,,bad,delivery
pair,,terrible,delivery
pair,,asked,nice
pair,,horrible,poor
pair,,reviews,literally
pair,,great,fuzhou
pair,,bad,decent
pair,,excellent,time
pair,,clean,service
pair,,ordered,always
pair,,asked,dirty
pair,,amazing,food
pair,,ordered,okay
pair,,ordered,got
pair,,great,store
pair,,bad,really
pair,,bad,always
pair,,order,got
pair,,food,day
pair,,bad,called
pair,,reviews,disgusting
pair,,ok,asked
pair,,overpriced,even
pair,,excellent,perfect
pair,,place,fresh
pair,,told,expensive
pair,,never,love
pair,,definitely,like
pair,,horrible,place
pair,,best,clean
pair,,best,even
pair,,never,expensive
pair,,ordered,nice
pair,,charge,dirty
pair,,gem,perfect
pair,,overpriced,ordered
pair,,great,gem
pair,,order,minutes
pair,,gem,excellent
pair,,worst,avoid
pair,,worst,called
pair,,waste,like
pair,,said,food
pair,,money,minutes
pair,,money,service
pair,,highly,service
pair,,amazing,never
pair,,phone,time
pair,,money,time
pair,,never,place
pair,,really,fresh
pair,,love,day
pair,,waste,avoid
pair,,super,service
pair,,terrible,avoid
pair,,order,waste
pair,,waste,ordered
pair,,worst,service
pair,,said,service
pair,,good,minutes
pair,,said,like
pair,,place,clean
pair,,great,even
pair,,good,favorite
pair,,terrible,place
pair,,excellent,like
pair,,waste,expensive
pair,,got,fresh
pair,,terrible,got
pair,,horrible,expensive
pair,,terrible,30
pair,,never,clean
pair,,horrible,30
pair,,store,time
pair,,good,spot
pair,,bad,best
pair,,literally,overpriced
pair,,rude,poor
pair,,reviews,poor
pair,,gem,spot
pair,,reviews,money
pair,,worst,time
pair,,rude,told
pair,,terrible,overpriced
pair,,expensive,clean
pair,,spot,service
pair,,worst,charge
pair,,dirty,time
pair,,ordered,phone
pair,,fresh,time
pair,,spot,really
pair,,store,even
pair,,money,decent
pair,,good,highly
pair,,never,disgusting
pair,,bad,told
pair,,amazing,order
pair,,rude,minutes
pair,,rude,called
pair,,order,called
pair,,horrible,decent
pair,,favorite,like
pair,,definitely,food
pair,,excellent,got
pair,,super,time
pair,,terrible,attitude
pair,,amazing,store
pair,,even,told
pair,,good,fuzhou
pair,,super,food
pair,,asked,waste
pair,,even,really
pair,,bad,day
pair,,ordered,delivery
pair,,30,like
pair,,called,ordered
pair,,like,clean
pair,,worst,hour
pair,,day,fresh
pair,,rude,30
pair,,waste,negative
pair,,always,day
pair,,asked,said
pair,,worst,amazing
pair,,disgusting,like
pair,,money,phone
pair,,order,definitely
pair,,asked,time
pair,,never,said
pair,,nice,perfect
pair,,highly,got
pair,,highly,fresh
pair,,rude,place
pair,,food,gave
pair,,ordered,really
pair,,store,open
pair,,best,asked
pair,,even,nice
pair,,fresh,clean
pair,,waste,gave
pair,,even,said
pair,,good,excellent
pair,,told,said
pair,,best,never
pair,,best,ok
pair,,love,said
pair,,never,always
pair,,order,decent
pair,,good,decent
pair,,good,dirty
pair,,reviews,asked
pair,,reviews,got
pair,,got,clean
pair,,overpriced,said
pair,,never,30
pair,,literally,like
pair,,asked,overpriced
pair,,reviews,charge
pair,,great,told
pair,,good,called
pair,,disgusting,attitude
pair,,amazing,even
pair,,ordered,minutes
pair,,super,like
pair,,amazing,phone
pair,,amazing,bad
pair,,favorite,fresh
pair,,horrible,minutes
pair,,expensive,like
pair,,horrible,overpriced
pair,,never,perfect
pair,,even,spot
pair,,money,disgusting
pair,,got,super
pair,,perfect,day
pair,,definitely,got
pair,,even,super
pair,,got,service
pair,,good,told
pair,,never,definitely
pair,,overpriced,told
pair,,horrible,definitely
pair,,bad,waste
pair,,got,said
pair,,even,poor
pair,,ok,told
pair,,disgusting,got
pair,,favorite,day
pair,,highly,clean
pair,,bad,30
pair,,day,like
pair,,bad,charge
pair,,asked,place
pair,,good,day
pair,,ok,said
pair,,poor,got
pair,,store,looks
pair,,overpriced,got
pair,,worst,airport
pair,,best,said
pair,,ok,okay
pair,,good,perfect
pair,,order,attitude
pair,,worst,definitely
pair,,worst,delivery
pair,,even,excellent
pair,,place,day
pair,,30,expensive
pair,,got,like
pair,,asked,gave
pair,,bad,super
pair,,got,spot
pair,,told,got
pair,,order,open
pair,,food,mal
pair,,told,place
pair,,amazing,rude
pair,,literally,dirty
pair,,expensive,time
pair,,favorite,time
pair,,disgusting,even
pair,,spot,day
pair,,worst,poor
pair,,highly,like
pair,,order,okay
pair,,horrible,attitude
pair,,favorite,ordered
pair,,great,30
pair,,even,avoid
pair,,rude,time
pair,,horrible,hour
pair,,amazing,ordered
pair,,overpriced,okay
pair,,asked,decent
pair,,nice,said
pair,,bad,gave
pair,,money,okay
pair,,literally,even
pair,,place,said
pair,,ok,time
pair,,decent,okay
pair,,waste,said
pair,,bad,minutes
pair,,money,place
pair,,disgusting,overpriced
pair,,attitude,ordered
pair,,ordered,clean
pair,,looks,like
pair,,best,ordered
pair,,favorite,place
pair,,best,day
pair,,great,horrible
pair,,store,30
pair,,order,disgusting
pair,,worst,gave
pair,,got,expensive
pair,,money,poor
pair,,overpriced,like
pair,,great,terrible
pair,,good,expensive
pair,,asked,really
pair,,order,super
pair,,bad,fresh
pair,,rude,okay
pair,,expensive,minutes
pair,,good,store
pair,,favorite,food
pair,,waste,phone
pair,,rude,avoid
pair,,super,day
pair,,amazing,terrible
pair,,called,food
pair,,rude,literally
pair,,expensive,gave
pair,,30,service
pair,,said,decent
pair,,ordered,excellent
pair,,amazing,asked
pair,,rude,nice
pair,,food,spot
pair,,food,dirty
pair,,never,really
pair,,store,waste
pair,,order,excellent
pair,,ordered,fresh
pair,,rude,best
pair,,like,minutes
pair,,store,told
pair,,rude,really
pair,,reviews,looks
pair,,even,fresh
pair,,amazing,said
pair,,rude,overpriced
pair,,day,service
pair,,poor,said
pair,,highly,day
pair,,decent,time
pair,,bad,highly
pair,,good,attitude
pair,,favorite,got
pair,,asked,minutes
pair,,order,dirty
pair,,worst,literally
pair,,30,minutes
pair,,never,fresh
pair,,expensive,service
pair,,attitude,airport
pair,,never,hour
pair,,terrible,gave
pair,,horrible,store
pair,,said,time
pair,,horrible,phone
pair,,place,gave
pair,,love,money
pair,,day,time
pair,,gave,delivery
pair,,terrible,time
pair,,terrible,service
pair,,order,spot
pair,,always,said
pair,,spot,like
pair,,literally,delivery
pair,,reviews,definitely
pair,,store,spot
pair,,food,charge
pair,,ok,minutes
pair,,store,always
pair,,rude,decent
pair,,nice,day
pair,,never,minutes
pair,,horrible,super
pair,,never,highly
pair,,told,phone
pair,,clean,time
pair,,never,excellent
pair,,day,really
pair,,food,decent
pair,,horrible,gave
pair,,horrible,literally
pair,,great,day
pair,,okay,minutes
pair,,even,gave
pair,,bad,nice
pair,,rude,open
pair,,bad,definitely
pair,,store,phone
pair,,told,like
pair,,ok,nice
pair,,disgusting,store
pair,,told,time
pair,,money,charge
pair,,horrible,time
pair,,store,fresh
pair,,store,like
pair,,got,dirty
pair,,amazing,day
pair,,excellent,day
pair,,told,okay
pair,,poor,service
pair,,asked,clean
pair,,great,money
pair,,rude,love
pair,,rude,delivery
pair,,literally,waste
pair,,best,gave
pair,,waste,service
pair,,worst,best
pair,,food,fuzhou
pair,,ordered,avoid
pair,,good,phone
pair,,day,clean
pair,,store,definitely
pair,,horrible,best
pair,,terrible,really
pair,,gave,time
pair,,poor,clean
pair,,avoid,service
pair,,order,reviews
pair,,terrible,nice
pair,,disgusting,phone
pair,,horrible,fresh
pair,,never,decent
pair,,perfect,really
pair,,reviews,really
pair,,told,charge
pair,,good,disgusting
pair,,attitude,service
pair,,disgusting,expensive
pair,,asked,service
pair,,food,minutes
pair,,asked,always
pair,,asked,okay
pair,,attitude,said
pair,,never,avoid
pair,,ok,poor
pair,,rude,fresh
pair,,money,nice
pair,,gem,like
pair,,asked,favorite
pair,,horrible,called
pair,,told,minutes
pair,,terrible,minutes
pair,,highly,food
pair,,poor,expensive
pair,,reviews,hour
pair,,bad,looks
pair,,never,spot
pair,,bad,store
pair,,attitude,food
pair,,waste,minutes
pair,,told,decent
pair,,waste,looks
pair,,never,favorite
pair,,order,perfect
pair,,money,clean
pair,,charge,decent
pair,,ok,spot
pair,,best,money
pair,,never,open
pair,,good,gave
pair,,disgusting,place
pair,,waste,overpriced
pair,,money,delivery
pair,,even,definitely
pair,,asked,fresh
pair,,even,phone
pair,,worst,really
pair,,poor,like
pair,,worst,looks
pair,,love,store
pair,,ok,place
pair,,horrible,always
pair,,terrible,literally
pair,,open,clean
pair,,gem,fresh
pair,,told,clean
pair,,love,gave
pair,,highly,even
pair,,nice,gave
pair,,never,called
pair,,perfect,time
pair,,great,asked
pair,,store,service
pair,,asked,super
pair,,perfect,like
pair,,reviews,attitude
pair,,food,okay
pair,,best,charge
pair,,overpriced,time
pair,,ok,service
pair,,30,okay
pair,,never,super
pair,,rude,always
pair,,reviews,place
pair,,horrible,okay
pair,,reviews,food
pair,,asked,poor
pair,,got,minutes
pair,,open,fresh
pair,,money,waste
pair,,good,poor
pair,,ok,day
pair,,disgusting,ordered
